timestamp_sec;timestamp_nanosec;range;azimuth_deg;elevation_deg;x;y;z;intensity
           0;           0;   1.222;-135.000;   0.000;  -0.864;  -0.864;   0.000;       0
           0;           0;   2.860;-134.667;   0.000;  -2.011;  -2.034;   0.000;       0
           0;           0;   2.853;-134.333;   0.000;  -1.994;  -2.041;   0.000;       0
           0;           0;   2.842;-134.000;   0.000;  -1.974;  -2.044;   0.000;       0
           0;           0;   2.831;-133.667;   0.000;  -1.955;  -2.048;   0.000;       0
           0;           0;   2.824;-133.333;   0.000;  -1.938;  -2.054;   0.000;       0
           0;           0;   2.815;-133.000;   0.000;  -1.920;  -2.059;   0.000;       0
           0;           0;   2.805;-132.667;   0.000;  -1.901;  -2.063;   0.000;       0
           0;           0;   2.798;-132.334;   0.000;  -1.884;  -2.068;   0.000;       0
           0;           0;   2.792;-132.000;   0.000;  -1.868;  -2.075;   0.000;       0
           0;           0;   2.782;-131.667;   0.000;  -1.849;  -2.078;   0.000;       0
           0;           0;   1.076;-131.334;   0.000;  -0.711;  -0.808;   0.000;       0
           0;           0;   1.003;-131.000;   0.000;  -0.658;  -0.757;   0.000;       0
           0;           0;   0.989;-130.667;   0.000;  -0.644;  -0.750;   0.000;       0
           0;           0;   0.976;-130.334;   0.000;  -0.632;  -0.744;   0.000;       0
           0;           0;   0.976;-130.000;   0.000;  -0.627;  -0.748;   0.000;       0
           0;           0;   0.980;-129.667;   0.000;  -0.626;  -0.754;   0.000;       0
           0;           0;   0.974;-129.334;   0.000;  -0.617;  -0.753;   0.000;       0
           0;           0;   0.941;-129.001;   0.000;  -0.592;  -0.731;   0.000;       0
           0;           0;   0.935;-128.667;   0.000;  -0.584;  -0.730;   0.000;       0
           0;           0;   0.936;-128.334;   0.000;  -0.581;  -0.734;   0.000;       0
           0;           0;   0.932;-128.001;   0.000;  -0.574;  -0.734;   0.000;       0
           0;           0;   0.932;-127.667;   0.000;  -0.570;  -0.738;   0.000;       0
           0;           0;   0.929;-127.334;   0.000;  -0.563;  -0.739;   0.000;       0
           0;           0;   0.928;-127.001;   0.000;  -0.558;  -0.741;   0.000;       0
           0;           0;   0.937;-126.667;   0.000;  -0.560;  -0.752;   0.000;       0
           0;           0;   0.930;-126.334;   0.000;  -0.551;  -0.749;   0.000;       0
           0;           0;   0.912;-126.001;   0.000;  -0.536;  -0.738;   0.000;       0
           0;           0;   0.885;-125.668;   0.000;  -0.516;  -0.719;   0.000;       0
           0;           0;   0.876;-125.334;   0.000;  -0.507;  -0.715;   0.000;       0
           0;           0;   0.872;-125.001;   0.000;  -0.500;  -0.714;   0.000;       0
           0;           0;   0.874;-124.668;   0.000;  -0.497;  -0.719;   0.000;       0
           0;           0;   0.865;-124.334;   0.000;  -0.488;  -0.714;   0.000;       0
           0;           0;   0.866;-124.001;   0.000;  -0.484;  -0.718;   0.000;       0
           0;           0;   0.860;-123.668;   0.000;  -0.477;  -0.716;   0.000;       0
           0;           0;   0.848;-123.335;   0.000;  -0.466;  -0.708;   0.000;       0
           0;           0;   0.852;-123.001;   0.000;  -0.464;  -0.715;   0.000;       0
           0;           0;   0.847;-122.668;   0.000;  -0.457;  -0.713;   0.000;       0
           0;           0;   0.845;-122.335;   0.000;  -0.452;  -0.714;   0.000;       0
           0;           0;   0.845;-122.001;   0.000;  -0.448;  -0.717;   0.000;       0
           0;           0;   0.843;-121.668;   0.000;  -0.443;  -0.717;   0.000;       0
           0;           0;   0.836;-121.335;   0.000;  -0.435;  -0.714;   0.000;       0
           0;           0;   0.848;-121.001;   0.000;  -0.437;  -0.727;   0.000;       0
           0;           0;   0.841;-120.668;   0.000;  -0.429;  -0.723;   0.000;       0
           0;           0;   0.845;-120.335;   0.000;  -0.427;  -0.729;   0.000;       0
           0;           0;   0.834;-120.001;   0.000;  -0.417;  -0.722;   0.000;       0
           0;           0;   0.835;-119.668;   0.000;  -0.413;  -0.726;   0.000;       0
           0;           0;   0.847;-119.335;   0.000;  -0.415;  -0.738;   0.000;       0
           0;           0;   0.837;-119.002;   0.000;  -0.406;  -0.732;   0.000;       0
           0;           0;   0.829;-118.668;   0.000;  -0.398;  -0.727;   0.000;       0
           0;           0;   0.835;-118.335;   0.000;  -0.396;  -0.735;   0.000;       0
           0;           0;   0.834;-118.002;   0.000;  -0.392;  -0.736;   0.000;       0
           0;           0;   0.830;-117.668;   0.000;  -0.385;  -0.735;   0.000;       0
           0;           0;   0.830;-117.335;   0.000;  -0.381;  -0.737;   0.000;       0
           0;           0;   0.842;-117.002;   0.000;  -0.382;  -0.750;   0.000;       0
           0;           0;   0.837;-116.668;   0.000;  -0.376;  -0.748;   0.000;       0
           0;           0;   0.841;-116.335;   0.000;  -0.373;  -0.754;   0.000;       0
           0;           0;   0.845;-116.002;   0.000;  -0.370;  -0.759;   0.000;       0
           0;           0;   0.840;-115.669;   0.000;  -0.364;  -0.757;   0.000;       0
           0;           0;   0.843;-115.335;   0.000;  -0.361;  -0.762;   0.000;       0
           0;           0;   0.848;-115.002;   0.000;  -0.358;  -0.769;   0.000;       0
           0;           0;   0.842;-114.669;   0.000;  -0.351;  -0.765;   0.000;       0
           0;           0;   0.847;-114.335;   0.000;  -0.349;  -0.772;   0.000;       0
           0;           0;   0.856;-114.002;   0.000;  -0.348;  -0.782;   0.000;       0
           0;           0;   0.873;-113.669;   0.000;  -0.350;  -0.800;   0.000;       0
           0;           0;   0.907;-113.336;   0.000;  -0.359;  -0.833;   0.000;       0
           0;           0;   2.510;-113.002;   0.000;  -0.981;  -2.310;   0.000;       0
           0;           0;   2.514;-112.669;   0.000;  -0.969;  -2.320;   0.000;       0
           0;           0;   2.508;-112.336;   0.000;  -0.953;  -2.320;   0.000;       0
           0;           0;   2.511;-112.002;   0.000;  -0.941;  -2.328;   0.000;       0
           0;           0;   2.507;-111.669;   0.000;  -0.926;  -2.330;   0.000;       0
           0;           0;   2.507;-111.336;   0.000;  -0.912;  -2.335;   0.000;       0
           0;           0;   2.503;-111.002;   0.000;  -0.897;  -2.337;   0.000;       0
           0;           0;   2.508;-110.669;   0.000;  -0.885;  -2.347;   0.000;       0
           0;           0;   2.502;-110.336;   0.000;  -0.869;  -2.346;   0.000;       0
           0;           0;   2.506;-110.002;   0.000;  -0.857;  -2.355;   0.000;       0
           0;           0;   2.499;-109.669;   0.000;  -0.841;  -2.353;   0.000;       0
           0;           0;   2.500;-109.336;   0.000;  -0.828;  -2.359;   0.000;       0
           0;           0;   2.499;-109.003;   0.000;  -0.814;  -2.363;   0.000;       0
           0;           0;   2.498;-108.669;   0.000;  -0.800;  -2.367;   0.000;       0
           0;           0;   2.501;-108.336;   0.000;  -0.787;  -2.374;   0.000;       0
           0;           0;   2.497;-108.003;   0.000;  -0.772;  -2.375;   0.000;       0
           0;           0;   2.497;-107.669;   0.000;  -0.758;  -2.379;   0.000;       0
           0;           0;   2.492;-107.336;   0.000;  -0.743;  -2.379;   0.000;       0
           0;           0;   2.496;-107.003;   0.000;  -0.730;  -2.387;   0.000;       0
           0;           0;   2.491;-106.670;   0.000;  -0.715;  -2.386;   0.000;       0
           0;           0;   2.496;-106.336;   0.000;  -0.702;  -2.395;   0.000;       0
           0;           0;   2.492;-106.003;   0.000;  -0.687;  -2.395;   0.000;       0
           0;           0;   0.842;-105.670;   0.000;  -0.227;  -0.811;   0.000;       0
           0;           0;   0.660;-105.336;   0.000;  -0.175;  -0.636;   0.000;       0
           0;           0;   0.638;-105.003;   0.000;  -0.165;  -0.616;   0.000;       0
           0;           0;   0.783;-104.670;   0.000;  -0.198;  -0.757;   0.000;       0
           0;           0;   2.495;-104.336;   0.000;  -0.618;  -2.417;   0.000;       0
           0;           0;   2.496;-104.003;   0.000;  -0.604;  -2.422;   0.000;       0
           0;           0;   2.495;-103.670;   0.000;  -0.590;  -2.424;   0.000;       0
           0;           0;   2.493;-103.337;   0.000;  -0.575;  -2.426;   0.000;       0
           0;           0;   2.498;-103.003;   0.000;  -0.562;  -2.434;   0.000;       0
           0;           0;   2.497;-102.670;   0.000;  -0.548;  -2.436;   0.000;       0
           0;           0;   2.500;-102.337;   0.000;  -0.534;  -2.442;   0.000;       0
           0;           0;   2.493;-102.003;   0.000;  -0.518;  -2.438;   0.000;       0
           0;           0;   2.450;-101.670;   0.000;  -0.496;  -2.399;   0.000;       0
           0;           0;   2.275;-101.337;   0.000;  -0.447;  -2.231;   0.000;       0
           0;           0;   2.198;-101.003;   0.000;  -0.420;  -2.158;   0.000;       0
           0;           0;   2.192;-100.670;   0.000;  -0.406;  -2.154;   0.000;       0
           0;           0;   2.193;-100.337;   0.000;  -0.393;  -2.157;   0.000;       0
           0;           0;   2.192;-100.003;   0.000;  -0.381;  -2.159;   0.000;       0
           0;           0;   2.194; -99.670;   0.000;  -0.369;  -2.163;   0.000;       0
           0;           0;   2.215; -99.337;   0.000;  -0.359;  -2.186;   0.000;       0
           0;           0;   2.216; -99.004;   0.000;  -0.347;  -2.189;   0.000;       0
           0;           0;   2.215; -98.670;   0.000;  -0.334;  -2.190;   0.000;       0
           0;           0;   2.212; -98.337;   0.000;  -0.321;  -2.189;   0.000;       0
           0;           0;   2.211; -98.004;   0.000;  -0.308;  -2.189;   0.000;       0
           0;           0;   2.209; -97.670;   0.000;  -0.295;  -2.189;   0.000;       0
           0;           0;   2.207; -97.337;   0.000;  -0.282;  -2.189;   0.000;       0
           0;           0;   2.208; -97.004;   0.000;  -0.269;  -2.192;   0.000;       0
           0;           0;   2.203; -96.671;   0.000;  -0.256;  -2.188;   0.000;       0
           0;           0;   2.156; -96.337;   0.000;  -0.238;  -2.143;   0.000;       0
           0;           0;   2.140; -96.004;   0.000;  -0.224;  -2.128;   0.000;       0
           0;           0;   2.140; -95.671;   0.000;  -0.211;  -2.130;   0.000;       0
           0;           0;   2.140; -95.337;   0.000;  -0.199;  -2.131;   0.000;       0
           0;           0;   2.144; -95.004;   0.000;  -0.187;  -2.136;   0.000;       0
           0;           0;   2.152; -94.671;   0.000;  -0.175;  -2.145;   0.000;       0
           0;           0;   2.187; -94.337;   0.000;  -0.165;  -2.181;   0.000;       0
           0;           0;   2.145; -94.004;   0.000;  -0.150;  -2.140;   0.000;       0
           0;           0;   2.129; -93.671;   0.000;  -0.136;  -2.125;   0.000;       0
           0;           0;   2.105; -93.338;   0.000;  -0.123;  -2.101;   0.000;       0
           0;           0;   2.084; -93.004;   0.000;  -0.109;  -2.081;   0.000;       0
           0;           0;   2.054; -92.671;   0.000;  -0.096;  -2.052;   0.000;       0
           0;           0;   2.028; -92.338;   0.000;  -0.083;  -2.026;   0.000;       0
           0;           0;   2.025; -92.004;   0.000;  -0.071;  -2.024;   0.000;       0
           0;           0;   2.038; -91.671;   0.000;  -0.059;  -2.037;   0.000;       0
           0;           0;   2.071; -91.338;   0.000;  -0.048;  -2.070;   0.000;       0
           0;           0;   2.078; -91.004;   0.000;  -0.036;  -2.078;   0.000;       0
           0;           0;   2.100; -90.671;   0.000;  -0.025;  -2.100;   0.000;       0
           0;           0;   2.172; -90.338;   0.000;  -0.013;  -2.172;   0.000;       0
           0;           0;   2.208; -90.004;   0.000;  -0.000;  -2.208;   0.000;       0
           0;           0;   0.836; -89.671;   0.000;   0.005;  -0.836;   0.000;       0
           0;           0;   0.983; -89.338;   0.000;   0.011;  -0.983;   0.000;       0
           0;           0;   0.980; -89.005;   0.000;   0.017;  -0.980;   0.000;       0
           0;           0;   0.977; -88.671;   0.000;   0.023;  -0.977;   0.000;       0
           0;           0;   0.975; -88.338;   0.000;   0.028;  -0.975;   0.000;       0
           0;           0;   0.977; -88.005;   0.000;   0.034;  -0.976;   0.000;       0
           0;           0;   0.974; -87.671;   0.000;   0.040;  -0.973;   0.000;       0
           0;           0;   0.974; -87.338;   0.000;   0.045;  -0.973;   0.000;       0
           0;           0;   0.978; -87.005;   0.000;   0.051;  -0.977;   0.000;       0
           0;           0;   0.986; -86.672;   0.000;   0.057;  -0.984;   0.000;       0
           0;           0;   0.966; -86.338;   0.000;   0.062;  -0.964;   0.000;       0
           0;           0;   0.704; -86.005;   0.000;   0.049;  -0.702;   0.000;       0
           0;           0;   2.211; -85.672;   0.000;   0.167;  -2.205;   0.000;       0
           0;           0;   2.215; -85.338;   0.000;   0.180;  -2.208;   0.000;       0
           0;           0;   2.253; -85.005;   0.000;   0.196;  -2.244;   0.000;       0
           0;           0;   2.303; -84.672;   0.000;   0.214;  -2.293;   0.000;       0
           0;           0;   2.284; -84.338;   0.000;   0.225;  -2.273;   0.000;       0
           0;           0;   2.280; -84.005;   0.000;   0.238;  -2.268;   0.000;       0
           0;           0;   2.273; -83.672;   0.000;   0.251;  -2.259;   0.000;       0
           0;           0;   2.378; -83.339;   0.000;   0.276;  -2.362;   0.000;       0
           0;           0;   2.671; -83.005;   0.000;   0.325;  -2.651;   0.000;       0
           0;           0;   2.709; -82.672;   0.000;   0.346;  -2.687;   0.000;       0
           0;           0;   2.720; -82.339;   0.000;   0.363;  -2.696;   0.000;       0
           0;           0;   2.724; -82.005;   0.000;   0.379;  -2.698;   0.000;       0
           0;           0;   2.732; -81.672;   0.000;   0.396;  -2.703;   0.000;       0
           0;           0;   2.739; -81.339;   0.000;   0.412;  -2.708;   0.000;       0
           0;           0;   2.749; -81.005;   0.000;   0.430;  -2.715;   0.000;       0
           0;           0;   2.753; -80.672;   0.000;   0.446;  -2.717;   0.000;       0
           0;           0;   2.763; -80.339;   0.000;   0.464;  -2.724;   0.000;       0
           0;           0;   2.769; -80.006;   0.000;   0.481;  -2.727;   0.000;       0
           0;           0;   2.781; -79.672;   0.000;   0.499;  -2.736;   0.000;       0
           0;           0;   2.788; -79.339;   0.000;   0.516;  -2.740;   0.000;       0
           0;           0;   2.792; -79.006;   0.000;   0.532;  -2.741;   0.000;       0
           0;           0;   2.803; -78.672;   0.000;   0.551;  -2.748;   0.000;       0
           0;           0;   2.779; -78.339;   0.000;   0.562;  -2.722;   0.000;       0
           0;           0;   2.775; -78.006;   0.000;   0.577;  -2.714;   0.000;       0
           0;           0;   2.795; -77.672;   0.000;   0.597;  -2.731;   0.000;       0
           0;           0;   2.791; -77.339;   0.000;   0.612;  -2.723;   0.000;       0
           0;           0;   2.792; -77.006;   0.000;   0.628;  -2.721;   0.000;       0
           0;           0;   2.794; -76.673;   0.000;   0.644;  -2.719;   0.000;       0
           0;           0;   2.834; -76.339;   0.000;   0.669;  -2.754;   0.000;       0
           0;           0;   2.866; -76.006;   0.000;   0.693;  -2.781;   0.000;       0
           0;           0;   2.886; -75.673;   0.000;   0.714;  -2.796;   0.000;       0
           0;           0;   2.894; -75.339;   0.000;   0.732;  -2.800;   0.000;       0
           0;           0;   2.907; -75.006;   0.000;   0.752;  -2.808;   0.000;       0
           0;           0;   2.906; -74.673;   0.000;   0.768;  -2.803;   0.000;       0
           0;           0;   2.839; -74.339;   0.000;   0.766;  -2.734;   0.000;       0
           0;           0;   2.663; -74.006;   0.000;   0.734;  -2.560;   0.000;       0
           0;           0;   2.573; -73.673;   0.000;   0.723;  -2.469;   0.000;       0
           0;           0;   2.571; -73.340;   0.000;   0.737;  -2.463;   0.000;       0
           0;           0;   2.599; -73.006;   0.000;   0.760;  -2.486;   0.000;       0
           0;           0;   2.605; -72.673;   0.000;   0.776;  -2.487;   0.000;       0
           0;           0;   2.484; -72.340;   0.000;   0.754;  -2.367;   0.000;       0
           0;           0;   2.428; -72.006;   0.000;   0.750;  -2.309;   0.000;       0
           0;           0;   2.419; -71.673;   0.000;   0.761;  -2.296;   0.000;       0
           0;           0;   2.363; -71.340;   0.000;   0.756;  -2.239;   0.000;       0
           0;           0;   2.199; -71.006;   0.000;   0.716;  -2.079;   0.000;       0
           0;           0;   2.201; -70.673;   0.000;   0.728;  -2.077;   0.000;       0
           0;           0;   2.159; -70.340;   0.000;   0.726;  -2.033;   0.000;       0
           0;           0;   2.156; -70.007;   0.000;   0.737;  -2.026;   0.000;       0
           0;           0;   2.151; -69.673;   0.000;   0.747;  -2.017;   0.000;       0
           0;           0;   2.135; -69.340;   0.000;   0.753;  -1.998;   0.000;       0
           0;           0;   2.133; -69.007;   0.000;   0.764;  -1.991;   0.000;       0
           0;           0;   2.132; -68.673;   0.000;   0.775;  -1.986;   0.000;       0
           0;           0;   2.132; -68.340;   0.000;   0.787;  -1.981;   0.000;       0
           0;           0;   2.130; -68.007;   0.000;   0.798;  -1.975;   0.000;       0
           0;           0;   2.130; -67.673;   0.000;   0.809;  -1.970;   0.000;       0
           0;           0;   2.134; -67.340;   0.000;   0.822;  -1.969;   0.000;       0
           0;           0;   2.135; -67.007;   0.000;   0.834;  -1.965;   0.000;       0
           0;           0;   2.137; -66.674;   0.000;   0.846;  -1.962;   0.000;       0
           0;           0;   2.146; -66.340;   0.000;   0.861;  -1.966;   0.000;       0
           0;           0;   2.154; -66.007;   0.000;   0.876;  -1.968;   0.000;       0
           0;           0;   2.168; -65.674;   0.000;   0.893;  -1.976;   0.000;       0
           0;           0;   2.167; -65.340;   0.000;   0.904;  -1.969;   0.000;       0
           0;           0;   2.225; -65.007;   0.000;   0.940;  -2.017;   0.000;       0
           0;           0;   2.471; -64.674;   0.000;   1.057;  -2.234;   0.000;       0
           0;           0;   2.490; -64.340;   0.000;   1.078;  -2.244;   0.000;       0
           0;           0;   2.475; -64.007;   0.000;   1.085;  -2.225;   0.000;       0
           0;           0;   2.459; -63.674;   0.000;   1.091;  -2.204;   0.000;       0
           0;           0;   2.445; -63.341;   0.000;   1.097;  -2.185;   0.000;       0
           0;           0;   2.430; -63.007;   0.000;   1.103;  -2.165;   0.000;       0
           0;           0;   2.397; -62.674;   0.000;   1.100;  -2.130;   0.000;       0
           0;           0;   2.398; -62.341;   0.000;   1.113;  -2.124;   0.000;       0
           0;           0;   2.319; -62.007;   0.000;   1.088;  -2.048;   0.000;       0
           0;           0;   1.872; -61.674;   0.000;   0.888;  -1.648;   0.000;       0
           0;           0;   1.834; -61.341;   0.000;   0.880;  -1.609;   0.000;       0
           0;           0;   1.833; -61.007;   0.000;   0.888;  -1.603;   0.000;       0
           0;           0;   1.825; -60.674;   0.000;   0.894;  -1.591;   0.000;       0
           0;           0;   1.809; -60.341;   0.000;   0.895;  -1.572;   0.000;       0
           0;           0;   1.798; -60.007;   0.000;   0.899;  -1.557;   0.000;       0
           0;           0;   1.787; -59.674;   0.000;   0.902;  -1.542;   0.000;       0
           0;           0;   1.777; -59.341;   0.000;   0.906;  -1.529;   0.000;       0
           0;           0;   1.767; -59.008;   0.000;   0.910;  -1.515;   0.000;       0
           0;           0;   1.756; -58.674;   0.000;   0.913;  -1.500;   0.000;       0
           0;           0;   1.744; -58.341;   0.000;   0.915;  -1.484;   0.000;       0
           0;           0;   1.734; -58.008;   0.000;   0.919;  -1.471;   0.000;       0
           0;           0;   1.730; -57.674;   0.000;   0.925;  -1.462;   0.000;       0
           0;           0;   1.718; -57.341;   0.000;   0.927;  -1.446;   0.000;       0
           0;           0;   1.709; -57.008;   0.000;   0.931;  -1.433;   0.000;       0
           0;           0;   1.697; -56.675;   0.000;   0.932;  -1.418;   0.000;       0
           0;           0;   1.690; -56.341;   0.000;   0.937;  -1.407;   0.000;       0
           0;           0;   1.680; -56.008;   0.000;   0.939;  -1.393;   0.000;       0
           0;           0;   1.671; -55.675;   0.000;   0.942;  -1.380;   0.000;       0
           0;           0;   1.663; -55.341;   0.000;   0.946;  -1.368;   0.000;       0
           0;           0;   1.661; -55.008;   0.000;   0.953;  -1.361;   0.000;       0
           0;           0;   1.652; -54.675;   0.000;   0.955;  -1.348;   0.000;       0
           0;           0;   1.639; -54.341;   0.000;   0.955;  -1.332;   0.000;       0
           0;           0;   1.632; -54.008;   0.000;   0.959;  -1.320;   0.000;       0
           0;           0;   1.623; -53.675;   0.000;   0.961;  -1.308;   0.000;       0
           0;           0;   1.481; -53.341;   0.000;   0.884;  -1.188;   0.000;       0
           0;           0;   1.392; -53.008;   0.000;   0.838;  -1.112;   0.000;       0
           0;           0;   1.385; -52.675;   0.000;   0.840;  -1.101;   0.000;       0
           0;           0;   1.384; -52.342;   0.000;   0.846;  -1.096;   0.000;       0
           0;           0;   1.360; -52.008;   0.000;   0.837;  -1.072;   0.000;       0
           0;           0;   1.358; -51.675;   0.000;   0.842;  -1.065;   0.000;       0
           0;           0;   1.360; -51.342;   0.000;   0.850;  -1.062;   0.000;       0
           0;           0;   1.362; -51.008;   0.000;   0.857;  -1.059;   0.000;       0
           0;           0;   1.366; -50.675;   0.000;   0.866;  -1.057;   0.000;       0
           0;           0;   1.357; -50.342;   0.000;   0.866;  -1.045;   0.000;       0
           0;           0;   1.364; -50.008;   0.000;   0.877;  -1.045;   0.000;       0
           0;           0;   1.359; -49.675;   0.000;   0.879;  -1.036;   0.000;       0
           0;           0;   1.353; -49.342;   0.000;   0.882;  -1.026;   0.000;       0
           0;           0;   1.350; -49.009;   0.000;   0.886;  -1.019;   0.000;       0
           0;           0;   1.344; -48.675;   0.000;   0.887;  -1.009;   0.000;       0
           0;           0;   1.335; -48.342;   0.000;   0.887;  -0.997;   0.000;       0
           0;           0;   1.333; -48.009;   0.000;   0.892;  -0.991;   0.000;       0
           0;           0;   1.329; -47.675;   0.000;   0.895;  -0.983;   0.000;       0
           0;           0;   1.328; -47.342;   0.000;   0.900;  -0.977;   0.000;       0
           0;           0;   1.312; -47.009;   0.000;   0.895;  -0.960;   0.000;       0
           0;           0;   1.315; -46.676;   0.000;   0.902;  -0.957;   0.000;       0
           0;           0;   1.307; -46.342;   0.000;   0.902;  -0.946;   0.000;       0
           0;           0;   1.310; -46.009;   0.000;   0.910;  -0.942;   0.000;       0
           0;           0;   1.296; -45.676;   0.000;   0.906;  -0.927;   0.000;       0
           0;           0;   1.292; -45.342;   0.000;   0.908;  -0.919;   0.000;       0
           0;           0;   1.286; -45.009;   0.000;   0.909;  -0.909;   0.000;       0
           0;           0;   1.281; -44.676;   0.000;   0.911;  -0.901;   0.000;       0
           0;           0;   1.282; -44.342;   0.000;   0.917;  -0.896;   0.000;       0
           0;           0;   1.278; -44.009;   0.000;   0.919;  -0.888;   0.000;       0
           0;           0;   1.273; -43.676;   0.000;   0.921;  -0.879;   0.000;       0
           0;           0;   1.264; -43.343;   0.000;   0.919;  -0.868;   0.000;       0
           0;           0;   1.255; -43.009;   0.000;   0.918;  -0.856;   0.000;       0
           0;           0;   1.259; -42.676;   0.000;   0.926;  -0.853;   0.000;       0
           0;           0;   1.255; -42.343;   0.000;   0.928;  -0.845;   0.000;       0
           0;           0;   1.255; -42.009;   0.000;   0.933;  -0.840;   0.000;       0
           0;           0;   1.244; -41.676;   0.000;   0.929;  -0.827;   0.000;       0
           0;           0;   1.241; -41.343;   0.000;   0.932;  -0.820;   0.000;       0
           0;           0;   1.243; -41.009;   0.000;   0.938;  -0.816;   0.000;       0
           0;           0;   1.233; -40.676;   0.000;   0.935;  -0.804;   0.000;       0
           0;           0;   1.227; -40.343;   0.000;   0.935;  -0.794;   0.000;       0
           0;           0;   1.230; -40.010;   0.000;   0.942;  -0.791;   0.000;       0
           0;           0;   1.226; -39.676;   0.000;   0.944;  -0.783;   0.000;       0
           0;           0;   1.222; -39.343;   0.000;   0.945;  -0.775;   0.000;       0
           0;           0;   1.221; -39.010;   0.000;   0.949;  -0.769;   0.000;       0
           0;           0;   1.216; -38.676;   0.000;   0.949;  -0.760;   0.000;       0
           0;           0;   1.217; -38.343;   0.000;   0.955;  -0.755;   0.000;       0
           0;           0;   1.221; -38.010;   0.000;   0.962;  -0.752;   0.000;       0
           0;           0;   1.202; -37.676;   0.000;   0.951;  -0.735;   0.000;       0
           0;           0;   1.202; -37.343;   0.000;   0.956;  -0.729;   0.000;       0
           0;           0;   1.191; -37.010;   0.000;   0.951;  -0.717;   0.000;       0
           0;           0;   1.193; -36.677;   0.000;   0.957;  -0.713;   0.000;       0
           0;           0;   1.178; -36.343;   0.000;   0.949;  -0.698;   0.000;       0
           0;           0;   1.182; -36.010;   0.000;   0.956;  -0.695;   0.000;       0
           0;           0;   1.172; -35.677;   0.000;   0.952;  -0.684;   0.000;       0
           0;           0;   1.175; -35.343;   0.000;   0.958;  -0.680;   0.000;       0
           0;           0;   1.173; -35.010;   0.000;   0.961;  -0.673;   0.000;       0
           0;           0;   1.157; -34.677;   0.000;   0.951;  -0.658;   0.000;       0
           0;           0;   1.157; -34.343;   0.000;   0.955;  -0.653;   0.000;       0
           0;           0;   1.165; -34.010;   0.000;   0.966;  -0.652;   0.000;       0
           0;           0;   1.191; -33.677;   0.000;   0.991;  -0.660;   0.000;       0
           0;           0;   1.180; -33.344;   0.000;   0.986;  -0.649;   0.000;       0
           0;           0;   1.169; -33.010;   0.000;   0.980;  -0.637;   0.000;       0
           0;           0;   1.165; -32.677;   0.000;   0.981;  -0.629;   0.000;       0
           0;           0;   1.158; -32.344;   0.000;   0.978;  -0.620;   0.000;       0
           0;           0;   1.173; -32.010;   0.000;   0.995;  -0.622;   0.000;       0
           0;           0;   1.166; -31.677;   0.000;   0.992;  -0.612;   0.000;       0
           0;           0;   1.166; -31.344;   0.000;   0.996;  -0.607;   0.000;       0
           0;           0;   1.162; -31.010;   0.000;   0.996;  -0.599;   0.000;       0
           0;           0;   1.161; -30.677;   0.000;   0.999;  -0.592;   0.000;       0
           0;           0;   1.150; -30.344;   0.000;   0.992;  -0.581;   0.000;       0
           0;           0;   1.155; -30.011;   0.000;   1.000;  -0.578;   0.000;       0
           0;           0;   1.150; -29.677;   0.000;   0.999;  -0.569;   0.000;       0
           0;           0;   1.148; -29.344;   0.000;   1.001;  -0.563;   0.000;       0
           0;           0;   1.148; -29.011;   0.000;   1.004;  -0.557;   0.000;       0
           0;           0;   1.142; -28.677;   0.000;   1.002;  -0.548;   0.000;       0
           0;           0;   1.150; -28.344;   0.000;   1.012;  -0.546;   0.000;       0
           0;           0;   1.140; -28.011;   0.000;   1.006;  -0.535;   0.000;       0
           0;           0;   1.139; -27.677;   0.000;   1.009;  -0.529;   0.000;       0
           0;           0;   1.136; -27.344;   0.000;   1.009;  -0.522;   0.000;       0
           0;           0;   1.136; -27.011;   0.000;   1.012;  -0.516;   0.000;       0
           0;           0;   1.137; -26.678;   0.000;   1.016;  -0.510;   0.000;       0
           0;           0;   1.157; -26.344;   0.000;   1.037;  -0.513;   0.000;       0
           0;           0;   1.132; -26.011;   0.000;   1.017;  -0.496;   0.000;       0
           0;           0;   1.127; -25.678;   0.000;   1.016;  -0.488;   0.000;       0
           0;           0;   1.133; -25.344;   0.000;   1.024;  -0.485;   0.000;       0
           0;           0;   1.126; -25.011;   0.000;   1.020;  -0.476;   0.000;       0
           0;           0;   1.132; -24.678;   0.000;   1.029;  -0.473;   0.000;       0
           0;           0;   1.124; -24.344;   0.000;   1.024;  -0.463;   0.000;       0
           0;           0;   1.134; -24.011;   0.000;   1.036;  -0.461;   0.000;       0
           0;           0;   1.135; -23.678;   0.000;   1.039;  -0.456;   0.000;       0
           0;           0;   1.128; -23.345;   0.000;   1.036;  -0.447;   0.000;       0
           0;           0;   1.142; -23.011;   0.000;   1.051;  -0.446;   0.000;       0
           0;           0;   1.129; -22.678;   0.000;   1.042;  -0.435;   0.000;       0
           0;           0;   1.137; -22.345;   0.000;   1.052;  -0.432;   0.000;       0
           0;           0;   1.139; -22.011;   0.000;   1.056;  -0.427;   0.000;       0
           0;           0;   1.121; -21.678;   0.000;   1.042;  -0.414;   0.000;       0
           0;           0;   1.134; -21.345;   0.000;   1.056;  -0.413;   0.000;       0
           0;           0;   1.138; -21.011;   0.000;   1.062;  -0.408;   0.000;       0
           0;           0;   1.132; -20.678;   0.000;   1.059;  -0.400;   0.000;       0
           0;           0;   1.130; -20.345;   0.000;   1.060;  -0.393;   0.000;       0
           0;           0;   1.132; -20.012;   0.000;   1.064;  -0.387;   0.000;       0
           0;           0;   1.135; -19.678;   0.000;   1.069;  -0.382;   0.000;       0
           0;           0;   1.128; -19.345;   0.000;   1.064;  -0.374;   0.000;       0
           0;           0;   1.132; -19.012;   0.000;   1.070;  -0.369;   0.000;       0
           0;           0;   1.132; -18.678;   0.000;   1.072;  -0.363;   0.000;       0
           0;           0;   1.125; -18.345;   0.000;   1.068;  -0.354;   0.000;       0
           0;           0;   1.126; -18.012;   0.000;   1.071;  -0.348;   0.000;       0
           0;           0;   1.128; -17.678;   0.000;   1.075;  -0.343;   0.000;       0
           0;           0;   1.126; -17.345;   0.000;   1.075;  -0.336;   0.000;       0
           0;           0;   1.124; -17.012;   0.000;   1.075;  -0.329;   0.000;       0
           0;           0;   1.125; -16.679;   0.000;   1.078;  -0.323;   0.000;       0
           0;           0;   1.128; -16.345;   0.000;   1.082;  -0.317;   0.000;       0
           0;           0;   1.124; -16.012;   0.000;   1.080;  -0.310;   0.000;       0
           0;           0;   1.130; -15.679;   0.000;   1.088;  -0.305;   0.000;       0
           0;           0;   1.121; -15.345;   0.000;   1.081;  -0.297;   0.000;       0
           0;           0;   1.126; -15.012;   0.000;   1.088;  -0.292;   0.000;       0
           0;           0;   1.132; -14.679;   0.000;   1.095;  -0.287;   0.000;       0
           0;           0;   1.125; -14.345;   0.000;   1.090;  -0.279;   0.000;       0
           0;           0;   1.124; -14.012;   0.000;   1.091;  -0.272;   0.000;       0
           0;           0;   1.130; -13.679;   0.000;   1.098;  -0.267;   0.000;       0
           0;           0;   1.128; -13.346;   0.000;   1.098;  -0.260;   0.000;       0
           0;           0;   1.135; -13.012;   0.000;   1.106;  -0.256;   0.000;       0
           0;           0;   1.133; -12.679;   0.000;   1.105;  -0.249;   0.000;       0
           0;           0;   1.133; -12.346;   0.000;   1.107;  -0.242;   0.000;       0
           0;           0;   1.130; -12.012;   0.000;   1.105;  -0.235;   0.000;       0
           0;           0;   1.135; -11.679;   0.000;   1.112;  -0.230;   0.000;       0
           0;           0;   1.138; -11.346;   0.000;   1.116;  -0.224;   0.000;       0
           0;           0;   1.135; -11.012;   0.000;   1.114;  -0.217;   0.000;       0
           0;           0;   1.134; -10.679;   0.000;   1.114;  -0.210;   0.000;       0
           0;           0;   1.119; -10.346;   0.000;   1.101;  -0.201;   0.000;       0
           0;           0;   1.135; -10.013;   0.000;   1.118;  -0.197;   0.000;       0
           0;           0;   1.116;  -9.679;   0.000;   1.100;  -0.188;   0.000;       0
           0;           0;   1.119;  -9.346;   0.000;   1.104;  -0.182;   0.000;       0
           0;           0;   1.142;  -9.013;   0.000;   1.128;  -0.179;   0.000;       0
           0;           0;   1.119;  -8.679;   0.000;   1.106;  -0.169;   0.000;       0
           0;           0;   1.125;  -8.346;   0.000;   1.113;  -0.163;   0.000;       0
           0;           0;   1.142;  -8.013;   0.000;   1.131;  -0.159;   0.000;       0
           0;           0;   1.125;  -7.679;   0.000;   1.115;  -0.150;   0.000;       0
           0;           0;   1.146;  -7.346;   0.000;   1.137;  -0.147;   0.000;       0
           0;           0;   1.141;  -7.013;   0.000;   1.132;  -0.139;   0.000;       0
           0;           0;   1.146;  -6.680;   0.000;   1.138;  -0.133;   0.000;       0
           0;           0;   1.129;  -6.346;   0.000;   1.122;  -0.125;   0.000;       0
           0;           0;   1.129;  -6.013;   0.000;   1.123;  -0.118;   0.000;       0
           0;           0;   1.151;  -5.680;   0.000;   1.145;  -0.114;   0.000;       0
           0;           0;   1.134;  -5.346;   0.000;   1.129;  -0.106;   0.000;       0
           0;           0;   1.137;  -5.013;   0.000;   1.133;  -0.099;   0.000;       0
           0;           0;   1.136;  -4.680;   0.000;   1.132;  -0.093;   0.000;       0
           0;           0;   1.147;  -4.346;   0.000;   1.144;  -0.087;   0.000;       0
           0;           0;   1.157;  -4.013;   0.000;   1.154;  -0.081;   0.000;       0
           0;           0;   1.138;  -3.680;   0.000;   1.136;  -0.073;   0.000;       0
           0;           0;   1.146;  -3.347;   0.000;   1.144;  -0.067;   0.000;       0
           0;           0;   1.148;  -3.013;   0.000;   1.146;  -0.060;   0.000;       0
           0;           0;   1.145;  -2.680;   0.000;   1.144;  -0.054;   0.000;       0
           0;           0;   1.153;  -2.347;   0.000;   1.152;  -0.047;   0.000;       0
           0;           0;   1.148;  -2.013;   0.000;   1.147;  -0.040;   0.000;       0
           0;           0;   1.143;  -1.680;   0.000;   1.143;  -0.034;   0.000;       0
           0;           0;   1.153;  -1.347;   0.000;   1.153;  -0.027;   0.000;       0
           0;           0;   1.157;  -1.013;   0.000;   1.157;  -0.020;   0.000;       0
           0;           0;   1.152;  -0.680;   0.000;   1.152;  -0.014;   0.000;       0
           0;           0;   1.155;  -0.347;   0.000;   1.155;  -0.007;   0.000;       0
           0;           0;   1.176;  -0.014;   0.000;   1.176;  -0.000;   0.000;       0
           0;           0;   1.158;   0.320;   0.000;   1.158;   0.006;   0.000;       0
           0;           0;   1.163;   0.653;   0.000;   1.163;   0.013;   0.000;       0
           0;           0;   1.165;   0.986;   0.000;   1.165;   0.020;   0.000;       0
           0;           0;   1.168;   1.320;   0.000;   1.168;   0.027;   0.000;       0
           0;           0;   1.165;   1.653;   0.000;   1.165;   0.034;   0.000;       0
           0;           0;   1.165;   1.986;   0.000;   1.164;   0.040;   0.000;       0
           0;           0;   1.176;   2.320;   0.000;   1.175;   0.048;   0.000;       0
           0;           0;   1.179;   2.653;   0.000;   1.178;   0.055;   0.000;       0
           0;           0;   1.178;   2.986;   0.000;   1.176;   0.061;   0.000;       0
           0;           0;   1.183;   3.319;   0.000;   1.181;   0.069;   0.000;       0
           0;           0;   1.188;   3.653;   0.000;   1.186;   0.076;   0.000;       0
           0;           0;   1.181;   3.986;   0.000;   1.178;   0.082;   0.000;       0
           0;           0;   1.185;   4.319;   0.000;   1.182;   0.089;   0.000;       0
           0;           0;   1.194;   4.653;   0.000;   1.190;   0.097;   0.000;       0
           0;           0;   1.191;   4.986;   0.000;   1.186;   0.104;   0.000;       0
           0;           0;   1.198;   5.319;   0.000;   1.193;   0.111;   0.000;       0
           0;           0;   1.196;   5.653;   0.000;   1.190;   0.118;   0.000;       0
           0;           0;   1.198;   5.986;   0.000;   1.191;   0.125;   0.000;       0
           0;           0;   1.205;   6.319;   0.000;   1.198;   0.133;   0.000;       0
           0;           0;   1.208;   6.652;   0.000;   1.200;   0.140;   0.000;       0
           0;           0;   1.217;   6.986;   0.000;   1.208;   0.148;   0.000;       0
           0;           0;   1.222;   7.319;   0.000;   1.212;   0.156;   0.000;       0
           0;           0;   1.211;   7.652;   0.000;   1.200;   0.161;   0.000;       0
           0;           0;   1.218;   7.986;   0.000;   1.206;   0.169;   0.000;       0
           0;           0;   1.223;   8.319;   0.000;   1.210;   0.177;   0.000;       0
           0;           0;   1.225;   8.652;   0.000;   1.211;   0.184;   0.000;       0
           0;           0;   1.228;   8.986;   0.000;   1.213;   0.192;   0.000;       0
           0;           0;   1.236;   9.319;   0.000;   1.220;   0.200;   0.000;       0
           0;           0;   1.227;   9.652;   0.000;   1.210;   0.206;   0.000;       0
           0;           0;   1.222;   9.985;   0.000;   1.203;   0.212;   0.000;       0
           0;           0;   1.222;  10.319;   0.000;   1.202;   0.219;   0.000;       0
           0;           0;   1.234;  10.652;   0.000;   1.213;   0.228;   0.000;       0
           0;           0;   1.248;  10.985;   0.000;   1.225;   0.238;   0.000;       0
           0;           0;   1.259;  11.319;   0.000;   1.235;   0.247;   0.000;       0
           0;           0;   1.257;  11.652;   0.000;   1.231;   0.254;   0.000;       0
           0;           0;   1.267;  11.985;   0.000;   1.239;   0.263;   0.000;       0
           0;           0;   1.272;  12.319;   0.000;   1.243;   0.271;   0.000;       0
           0;           0;   1.268;  12.652;   0.000;   1.237;   0.278;   0.000;       0
           0;           0;   1.278;  12.985;   0.000;   1.245;   0.287;   0.000;       0
           0;           0;   1.282;  13.318;   0.000;   1.248;   0.295;   0.000;       0
           0;           0;   1.280;  13.652;   0.000;   1.244;   0.302;   0.000;       0
           0;           0;   1.286;  13.985;   0.000;   1.248;   0.311;   0.000;       0
           0;           0;   1.297;  14.318;   0.000;   1.257;   0.321;   0.000;       0
           0;           0;   1.299;  14.652;   0.000;   1.257;   0.329;   0.000;       0
           0;           0;   1.307;  14.985;   0.000;   1.263;   0.338;   0.000;       0
           0;           0;   1.304;  15.318;   0.000;   1.258;   0.344;   0.000;       0
           0;           0;   1.305;  15.652;   0.000;   1.257;   0.352;   0.000;       0
           0;           0;   1.316;  15.985;   0.000;   1.265;   0.362;   0.000;       0
           0;           0;   1.315;  16.318;   0.000;   1.262;   0.369;   0.000;       0
           0;           0;   1.316;  16.651;   0.000;   1.261;   0.377;   0.000;       0
           0;           0;   1.323;  16.985;   0.000;   1.265;   0.386;   0.000;       0
           0;           0;   1.325;  17.318;   0.000;   1.265;   0.394;   0.000;       0
           0;           0;   1.342;  17.651;   0.000;   1.279;   0.407;   0.000;       0
           0;           0;   1.340;  17.985;   0.000;   1.275;   0.414;   0.000;       0
           0;           0;   1.348;  18.318;   0.000;   1.280;   0.424;   0.000;       0
           0;           0;   1.348;  18.651;   0.000;   1.277;   0.431;   0.000;       0
           0;           0;   1.357;  18.985;   0.000;   1.283;   0.441;   0.000;       0
           0;           0;   1.367;  19.318;   0.000;   1.290;   0.452;   0.000;       0
           0;           0;   1.369;  19.651;   0.000;   1.289;   0.460;   0.000;       0
           0;           0;   1.377;  19.984;   0.000;   1.294;   0.471;   0.000;       0
           0;           0;   1.382;  20.318;   0.000;   1.296;   0.480;   0.000;       0
           0;           0;   1.389;  20.651;   0.000;   1.300;   0.490;   0.000;       0
           0;           0;   1.393;  20.984;   0.000;   1.301;   0.499;   0.000;       0
           0;           0;   1.393;  21.318;   0.000;   1.298;   0.506;   0.000;       0
           0;           0;   1.396;  21.651;   0.000;   1.298;   0.515;   0.000;       0
           0;           0;   1.409;  21.984;   0.000;   1.307;   0.527;   0.000;       0
           0;           0;   1.411;  22.318;   0.000;   1.305;   0.536;   0.000;       0
           0;           0;   1.425;  22.651;   0.000;   1.315;   0.549;   0.000;       0
           0;           0;   1.427;  22.984;   0.000;   1.314;   0.557;   0.000;       0
           0;           0;   1.432;  23.317;   0.000;   1.315;   0.567;   0.000;       0
           0;           0;   1.441;  23.651;   0.000;   1.320;   0.578;   0.000;       0
           0;           0;   1.446;  23.984;   0.000;   1.321;   0.588;   0.000;       0
           0;           0;   1.454;  24.317;   0.000;   1.325;   0.599;   0.000;       0
           0;           0;   1.461;  24.651;   0.000;   1.328;   0.609;   0.000;       0
           0;           0;   1.461;  24.984;   0.000;   1.324;   0.617;   0.000;       0
           0;           0;   1.475;  25.317;   0.000;   1.333;   0.631;   0.000;       0
           0;           0;   1.480;  25.651;   0.000;   1.334;   0.641;   0.000;       0
           0;           0;   1.491;  25.984;   0.000;   1.340;   0.653;   0.000;       0
           0;           0;   1.489;  26.317;   0.000;   1.335;   0.660;   0.000;       0
           0;           0;   1.486;  26.650;   0.000;   1.328;   0.667;   0.000;       0
           0;           0;   1.493;  26.984;   0.000;   1.330;   0.677;   0.000;       0
           0;           0;   1.561;  27.317;   0.000;   1.387;   0.716;   0.000;       0
           0;           0;   1.576;  27.650;   0.000;   1.396;   0.731;   0.000;       0
           0;           0;   1.581;  27.984;   0.000;   1.396;   0.742;   0.000;       0
           0;           0;   1.581;  28.317;   0.000;   1.392;   0.750;   0.000;       0
           0;           0;   1.605;  28.650;   0.000;   1.408;   0.770;   0.000;       0
           0;           0;   1.605;  28.984;   0.000;   1.404;   0.778;   0.000;       0
           0;           0;   1.633;  29.317;   0.000;   1.424;   0.800;   0.000;       0
           0;           0;   1.634;  29.650;   0.000;   1.420;   0.808;   0.000;       0
           0;           0;   1.644;  29.983;   0.000;   1.424;   0.822;   0.000;       0
           0;           0;   1.657;  30.317;   0.000;   1.430;   0.836;   0.000;       0
           0;           0;   1.667;  30.650;   0.000;   1.434;   0.850;   0.000;       0
           0;           0;   1.670;  30.983;   0.000;   1.432;   0.860;   0.000;       0
           0;           0;   1.685;  31.317;   0.000;   1.440;   0.876;   0.000;       0
           0;           0;   1.693;  31.650;   0.000;   1.441;   0.888;   0.000;       0
           0;           0;   1.701;  31.983;   0.000;   1.443;   0.901;   0.000;       0
           0;           0;   1.727;  32.317;   0.000;   1.459;   0.923;   0.000;       0
           0;           0;   1.733;  32.650;   0.000;   1.459;   0.935;   0.000;       0
           0;           0;   1.740;  32.983;   0.000;   1.460;   0.947;   0.000;       0
           0;           0;   1.752;  33.316;   0.000;   1.464;   0.962;   0.000;       0
           0;           0;   1.764;  33.650;   0.000;   1.468;   0.977;   0.000;       0
           0;           0;   1.778;  33.983;   0.000;   1.474;   0.994;   0.000;       0
           0;           0;   1.796;  34.316;   0.000;   1.483;   1.013;   0.000;       0
           0;           0;   1.808;  34.650;   0.000;   1.487;   1.028;   0.000;       0
           0;           0;   1.825;  34.983;   0.000;   1.495;   1.046;   0.000;       0
           0;           0;   1.831;  35.316;   0.000;   1.494;   1.058;   0.000;       0
           0;           0;   1.851;  35.650;   0.000;   1.504;   1.079;   0.000;       0
           0;           0;   1.862;  35.983;   0.000;   1.507;   1.094;   0.000;       0
           0;           0;   1.874;  36.316;   0.000;   1.510;   1.110;   0.000;       0
           0;           0;   1.887;  36.649;   0.000;   1.514;   1.126;   0.000;       0
           0;           0;   1.897;  36.983;   0.000;   1.515;   1.141;   0.000;       0
           0;           0;   1.922;  37.316;   0.000;   1.529;   1.165;   0.000;       0
           0;           0;   1.936;  37.649;   0.000;   1.533;   1.183;   0.000;       0
           0;           0;   1.947;  37.983;   0.000;   1.535;   1.198;   0.000;       0
           0;           0;   1.961;  38.316;   0.000;   1.539;   1.216;   0.000;       0
           0;           0;   1.967;  38.649;   0.000;   1.536;   1.228;   0.000;       0
           0;           0;   1.960;  38.983;   0.000;   1.524;   1.233;   0.000;       0
           0;           0;   1.962;  39.316;   0.000;   1.518;   1.243;   0.000;       0
           0;           0;   1.971;  39.649;   0.000;   1.518;   1.258;   0.000;       0
           0;           0;   1.971;  39.982;   0.000;   1.510;   1.266;   0.000;       0
           0;           0;   1.977;  40.316;   0.000;   1.507;   1.279;   0.000;       0
           0;           0;   1.971;  40.649;   0.000;   1.495;   1.284;   0.000;       0
           0;           0;   1.977;  40.982;   0.000;   1.492;   1.297;   0.000;       0
           0;           0;   1.984;  41.316;   0.000;   1.490;   1.310;   0.000;       0
           0;           0;   1.988;  41.649;   0.000;   1.485;   1.321;   0.000;       0
           0;           0;   1.992;  41.982;   0.000;   1.481;   1.332;   0.000;       0
           0;           0;   1.984;  42.316;   0.000;   1.467;   1.336;   0.000;       0
           0;           0;   1.991;  42.649;   0.000;   1.464;   1.349;   0.000;       0
           0;           0;   1.998;  42.982;   0.000;   1.462;   1.362;   0.000;       0
           0;           0;   2.002;  43.315;   0.000;   1.457;   1.373;   0.000;       0
           0;           0;   1.991;  43.649;   0.000;   1.441;   1.374;   0.000;       0
           0;           0;   2.010;  43.982;   0.000;   1.446;   1.396;   0.000;       0
           0;           0;   2.006;  44.315;   0.000;   1.435;   1.401;   0.000;       0
           0;           0;   1.997;  44.649;   0.000;   1.421;   1.403;   0.000;       0
           0;           0;   1.995;  44.982;   0.000;   1.411;   1.410;   0.000;       0
           0;           0;   1.995;  45.315;   0.000;   1.403;   1.418;   0.000;       0
           0;           0;   1.998;  45.649;   0.000;   1.397;   1.429;   0.000;       0
           0;           0;   2.008;  45.982;   0.000;   1.395;   1.444;   0.000;       0
           0;           0;   1.992;  46.315;   0.000;   1.376;   1.441;   0.000;       0
           0;           0;   1.995;  46.648;   0.000;   1.370;   1.451;   0.000;       0
           0;           0;   2.007;  46.982;   0.000;   1.369;   1.467;   0.000;       0
           0;           0;   1.995;  47.315;   0.000;   1.353;   1.467;   0.000;       0
           0;           0;   2.003;  47.648;   0.000;   1.349;   1.480;   0.000;       0
           0;           0;   2.009;  47.982;   0.000;   1.345;   1.493;   0.000;       0
           0;           0;   2.014;  48.315;   0.000;   1.339;   1.504;   0.000;       0
           0;           0;   2.016;  48.648;   0.000;   1.332;   1.513;   0.000;       0
           0;           0;   2.015;  48.982;   0.000;   1.322;   1.520;   0.000;       0
           0;           0;   2.026;  49.315;   0.000;   1.321;   1.536;   0.000;       0
           0;           0;   2.028;  49.648;   0.000;   1.313;   1.546;   0.000;       0
           0;           0;   2.039;  49.981;   0.000;   1.311;   1.562;   0.000;       0
           0;           0;   2.039;  50.315;   0.000;   1.302;   1.569;   0.000;       0
           0;           0;   2.041;  50.648;   0.000;   1.294;   1.578;   0.000;       0
           0;           0;   2.049;  50.981;   0.000;   1.290;   1.592;   0.000;       0
           0;           0;   2.052;  51.315;   0.000;   1.283;   1.602;   0.000;       0
           0;           0;   2.050;  51.648;   0.000;   1.272;   1.608;   0.000;       0
           0;           0;   2.060;  51.981;   0.000;   1.269;   1.623;   0.000;       0
           0;           0;   2.061;  52.315;   0.000;   1.260;   1.631;   0.000;       0
           0;           0;   2.074;  52.648;   0.000;   1.258;   1.649;   0.000;       0
           0;           0;   2.081;  52.981;   0.000;   1.253;   1.662;   0.000;       0
           0;           0;   2.078;  53.314;   0.000;   1.241;   1.666;   0.000;       0
           0;           0;   2.083;  53.648;   0.000;   1.235;   1.678;   0.000;       0
           0;           0;   2.096;  53.981;   0.000;   1.233;   1.695;   0.000;       0
           0;           0;   2.094;  54.314;   0.000;   1.222;   1.701;   0.000;       0
           0;           0;   2.106;  54.648;   0.000;   1.219;   1.718;   0.000;       0
           0;           0;   2.110;  54.981;   0.000;   1.211;   1.728;   0.000;       0
           0;           0;   2.110;  55.314;   0.000;   1.201;   1.735;   0.000;       0
           0;           0;   2.115;  55.648;   0.000;   1.193;   1.746;   0.000;       0
           0;           0;   2.123;  55.981;   0.000;   1.188;   1.760;   0.000;       0
           0;           0;   2.131;  56.314;   0.000;   1.182;   1.773;   0.000;       0
           0;           0;   2.139;  56.647;   0.000;   1.176;   1.787;   0.000;       0
           0;           0;   2.143;  56.981;   0.000;   1.168;   1.797;   0.000;       0
           0;           0;   2.149;  57.314;   0.000;   1.161;   1.809;   0.000;       0
           0;           0;   2.155;  57.647;   0.000;   1.153;   1.820;   0.000;       0
           0;           0;   2.162;  57.981;   0.000;   1.146;   1.833;   0.000;       0
           0;           0;   2.168;  58.314;   0.000;   1.139;   1.845;   0.000;       0
           0;           0;   2.175;  58.647;   0.000;   1.132;   1.857;   0.000;       0
           0;           0;   2.180;  58.981;   0.000;   1.123;   1.868;   0.000;       0
           0;           0;   2.190;  59.314;   0.000;   1.118;   1.883;   0.000;       0
           0;           0;   2.197;  59.647;   0.000;   1.110;   1.896;   0.000;       0
           0;           0;   2.200;  59.980;   0.000;   1.101;   1.905;   0.000;       0
           0;           0;   2.208;  60.314;   0.000;   1.094;   1.918;   0.000;       0
           0;           0;   2.214;  60.647;   0.000;   1.085;   1.930;   0.000;       0
           0;           0;   2.225;  60.980;   0.000;   1.079;   1.946;   0.000;       0
           0;           0;   2.235;  61.314;   0.000;   1.073;   1.961;   0.000;       0
           0;           0;   2.241;  61.647;   0.000;   1.064;   1.972;   0.000;       0
           0;           0;   2.248;  61.980;   0.000;   1.056;   1.985;   0.000;       0
           0;           0;   2.256;  62.314;   0.000;   1.048;   1.998;   0.000;       0
           0;           0;   2.269;  62.647;   0.000;   1.043;   2.015;   0.000;       0
           0;           0;   2.272;  62.980;   0.000;   1.032;   2.024;   0.000;       0
           0;           0;   2.283;  63.313;   0.000;   1.025;   2.040;   0.000;       0
           0;           0;   2.290;  63.647;   0.000;   1.017;   2.052;   0.000;       0
           0;           0;   2.302;  63.980;   0.000;   1.010;   2.069;   0.000;       0
           0;           0;   2.315;  64.313;   0.000;   1.003;   2.086;   0.000;       0
           0;           0;   2.326;  64.647;   0.000;   0.996;   2.102;   0.000;       0
           0;           0;   2.353;  64.980;   0.000;   0.995;   2.132;   0.000;       0
           0;           0;   2.381;  65.313;   0.000;   0.994;   2.163;   0.000;       0
           0;           0;   2.397;  65.647;   0.000;   0.988;   2.184;   0.000;       0
           0;           0;   2.401;  65.980;   0.000;   0.977;   2.193;   0.000;       0
           0;           0;   2.389;  66.313;   0.000;   0.960;   2.188;   0.000;       0
           0;           0;   2.374;  66.646;   0.000;   0.941;   2.180;   0.000;       0
           0;           0;   2.356;  66.980;   0.000;   0.921;   2.168;   0.000;       0
           0;           0;   2.333;  67.313;   0.000;   0.900;   2.152;   0.000;       0
           0;           0;   2.321;  67.646;   0.000;   0.883;   2.147;   0.000;       0
           0;           0;   2.303;  67.980;   0.000;   0.863;   2.135;   0.000;       0
           0;           0;   2.290;  68.313;   0.000;   0.846;   2.128;   0.000;       0
           0;           0;   2.273;  68.646;   0.000;   0.828;   2.117;   0.000;       0
           0;           0;   2.256;  68.980;   0.000;   0.809;   2.106;   0.000;       0
           0;           0;   2.240;  69.313;   0.000;   0.791;   2.096;   0.000;       0
           0;           0;   2.231;  69.646;   0.000;   0.776;   2.092;   0.000;       0
           0;           0;   2.215;  69.979;   0.000;   0.758;   2.081;   0.000;       0
           0;           0;   2.203;  70.313;   0.000;   0.742;   2.074;   0.000;       0
           0;           0;   2.193;  70.646;   0.000;   0.727;   2.069;   0.000;       0
           0;           0;   2.173;  70.979;   0.000;   0.708;   2.054;   0.000;       0
           0;           0;   2.159;  71.313;   0.000;   0.692;   2.045;   0.000;       0
           0;           0;   2.150;  71.646;   0.000;   0.677;   2.041;   0.000;       0
           0;           0;   2.132;  71.979;   0.000;   0.660;   2.027;   0.000;       0
           0;           0;   2.116;  72.313;   0.000;   0.643;   2.016;   0.000;       0
           0;           0;   2.120;  72.646;   0.000;   0.632;   2.023;   0.000;       0
           0;           0;   2.096;  72.979;   0.000;   0.614;   2.004;   0.000;       0
           0;           0;   2.086;  73.313;   0.000;   0.599;   1.998;   0.000;       0
           0;           0;   2.077;  73.646;   0.000;   0.585;   1.993;   0.000;       0
           0;           0;   2.060;  73.979;   0.000;   0.569;   1.980;   0.000;       0
           0;           0;   2.050;  74.312;   0.000;   0.554;   1.974;   0.000;       0
           0;           0;   2.035;  74.646;   0.000;   0.539;   1.962;   0.000;       0
           0;           0;   2.026;  74.979;   0.000;   0.525;   1.957;   0.000;       0
           0;           0;   2.014;  75.312;   0.000;   0.511;   1.948;   0.000;       0
           0;           0;   2.004;  75.646;   0.000;   0.497;   1.941;   0.000;       0
           0;           0;   1.997;  75.979;   0.000;   0.484;   1.938;   0.000;       0
           0;           0;   1.979;  76.312;   0.000;   0.468;   1.923;   0.000;       0
           0;           0;   1.979;  76.645;   0.000;   0.457;   1.925;   0.000;       0
           0;           0;   1.970;  76.979;   0.000;   0.444;   1.919;   0.000;       0
           0;           0;   1.954;  77.312;   0.000;   0.429;   1.906;   0.000;       0
           0;           0;   1.938;  77.645;   0.000;   0.415;   1.893;   0.000;       0
           0;           0;   1.941;  77.979;   0.000;   0.404;   1.898;   0.000;       0
           0;           0;   1.929;  78.312;   0.000;   0.391;   1.889;   0.000;       0
           0;           0;   1.919;  78.645;   0.000;   0.378;   1.881;   0.000;       0
           0;           0;   1.907;  78.979;   0.000;   0.365;   1.872;   0.000;       0
           0;           0;   1.895;  79.312;   0.000;   0.351;   1.862;   0.000;       0
           0;           0;   1.885;  79.645;   0.000;   0.339;   1.854;   0.000;       0
           0;           0;   1.879;  79.978;   0.000;   0.327;   1.850;   0.000;       0
           0;           0;   1.876;  80.312;   0.000;   0.316;   1.849;   0.000;       0
           0;           0;   1.855;  80.645;   0.000;   0.302;   1.830;   0.000;       0
           0;           0;   1.858;  80.978;   0.000;   0.291;   1.835;   0.000;       0
           0;           0;   1.846;  81.312;   0.000;   0.279;   1.825;   0.000;       0
           0;           0;   1.841;  81.645;   0.000;   0.268;   1.821;   0.000;       0
           0;           0;   1.828;  81.978;   0.000;   0.255;   1.810;   0.000;       0
           0;           0;   1.820;  82.312;   0.000;   0.243;   1.804;   0.000;       0
           0;           0;   1.818;  82.645;   0.000;   0.233;   1.803;   0.000;       0
           0;           0;   1.815;  82.978;   0.000;   0.222;   1.801;   0.000;       0
           0;           0;   1.802;  83.311;   0.000;   0.210;   1.790;   0.000;       0
           0;           0;   1.788;  83.645;   0.000;   0.198;   1.777;   0.000;       0
           0;           0;   1.784;  83.978;   0.000;   0.187;   1.774;   0.000;       0
           0;           0;   1.786;  84.311;   0.000;   0.177;   1.777;   0.000;       0
           0;           0;   1.770;  84.645;   0.000;   0.165;   1.762;   0.000;       0
           0;           0;   1.762;  84.978;   0.000;   0.154;   1.755;   0.000;       0
           0;           0;   1.757;  85.311;   0.000;   0.144;   1.751;   0.000;       0
           0;           0;   1.755;  85.645;   0.000;   0.133;   1.750;   0.000;       0
           0;           0;   1.748;  85.978;   0.000;   0.123;   1.744;   0.000;       0
           0;           0;   1.734;  86.311;   0.000;   0.112;   1.730;   0.000;       0
           0;           0;   1.726;  86.644;   0.000;   0.101;   1.723;   0.000;       0
           0;           0;   1.721;  86.978;   0.000;   0.091;   1.719;   0.000;       0
           0;           0;   1.721;  87.311;   0.000;   0.081;   1.719;   0.000;       0
           0;           0;   1.703;  87.644;   0.000;   0.070;   1.702;   0.000;       0
           0;           0;   1.698;  87.978;   0.000;   0.060;   1.697;   0.000;       0
           0;           0;   1.692;  88.311;   0.000;   0.050;   1.691;   0.000;       0
           0;           0;   1.695;  88.644;   0.000;   0.040;   1.695;   0.000;       0
           0;           0;   1.702;  88.978;   0.000;   0.030;   1.702;   0.000;       0
           0;           0;   1.704;  89.311;   0.000;   0.020;   1.704;   0.000;       0
           0;           0;   1.707;  89.644;   0.000;   0.011;   1.707;   0.000;       0
           0;           0;   1.723;  89.977;   0.000;   0.001;   1.723;   0.000;       0
           0;           0;   1.712;  90.311;   0.000;  -0.009;   1.712;   0.000;       0
           0;           0;   1.718;  90.644;   0.000;  -0.019;   1.718;   0.000;       0
           0;           0;   1.719;  90.977;   0.000;  -0.029;   1.719;   0.000;       0
           0;           0;   1.720;  91.311;   0.000;  -0.039;   1.720;   0.000;       0
           0;           0;   1.726;  91.644;   0.000;  -0.050;   1.725;   0.000;       0
           0;           0;   1.725;  91.977;   0.000;  -0.060;   1.724;   0.000;       0
           0;           0;   1.730;  92.311;   0.000;  -0.070;   1.729;   0.000;       0
           0;           0;   1.729;  92.644;   0.000;  -0.080;   1.727;   0.000;       0
           0;           0;   1.744;  92.977;   0.000;  -0.091;   1.742;   0.000;       0
           0;           0;   1.748;  93.310;   0.000;  -0.101;   1.745;   0.000;       0
           0;           0;   1.746;  93.644;   0.000;  -0.111;   1.742;   0.000;       0
           0;           0;   1.748;  93.977;   0.000;  -0.121;   1.744;   0.000;       0
           0;           0;   1.751;  94.310;   0.000;  -0.132;   1.746;   0.000;       0
           0;           0;   1.749;  94.644;   0.000;  -0.142;   1.743;   0.000;       0
           0;           0;   1.759;  94.977;   0.000;  -0.153;   1.752;   0.000;       0
           0;           0;   1.757;  95.310;   0.000;  -0.163;   1.749;   0.000;       0
           0;           0;   1.768;  95.644;   0.000;  -0.174;   1.759;   0.000;       0
           0;           0;   1.774;  95.977;   0.000;  -0.185;   1.764;   0.000;       0
           0;           0;   1.738;  96.310;   0.000;  -0.191;   1.727;   0.000;       0
           0;           0;   1.725;  96.643;   0.000;  -0.200;   1.713;   0.000;       0
           0;           0;   1.749;  96.977;   0.000;  -0.212;   1.736;   0.000;       0
           0;           0;   1.558;  97.310;   0.000;  -0.198;   1.545;   0.000;       0
           0;           0;   1.511;  97.643;   0.000;  -0.201;   1.498;   0.000;       0
           0;           0;   1.515;  97.977;   0.000;  -0.210;   1.500;   0.000;       0
           0;           0;   1.506;  98.310;   0.000;  -0.218;   1.490;   0.000;       0
           0;           0;   1.513;  98.643;   0.000;  -0.227;   1.496;   0.000;       0
           0;           0;   1.517;  98.977;   0.000;  -0.237;   1.498;   0.000;       0
           0;           0;   1.750;  99.310;   0.000;  -0.283;   1.727;   0.000;       0
           0;           0;   1.815;  99.643;   0.000;  -0.304;   1.789;   0.000;       0
           0;           0;   1.816;  99.976;   0.000;  -0.315;   1.789;   0.000;       0
           0;           0;   1.820; 100.310;   0.000;  -0.326;   1.791;   0.000;       0
           0;           0;   1.835; 100.643;   0.000;  -0.339;   1.803;   0.000;       0
           0;           0;   1.834; 100.976;   0.000;  -0.349;   1.800;   0.000;       0
           0;           0;   1.841; 101.310;   0.000;  -0.361;   1.805;   0.000;       0
           0;           0;   1.848; 101.643;   0.000;  -0.373;   1.810;   0.000;       0
           0;           0;   1.858; 101.976;   0.000;  -0.386;   1.818;   0.000;       0
           0;           0;   1.859; 102.310;   0.000;  -0.396;   1.816;   0.000;       0
           0;           0;   1.866; 102.643;   0.000;  -0.408;   1.821;   0.000;       0
           0;           0;   1.864; 102.976;   0.000;  -0.419;   1.816;   0.000;       0
           0;           0;   1.867; 103.309;   0.000;  -0.430;   1.817;   0.000;       0
           0;           0;   1.875; 103.643;   0.000;  -0.442;   1.822;   0.000;       0
           0;           0;   1.883; 103.976;   0.000;  -0.455;   1.827;   0.000;       0
           0;           0;   1.891; 104.309;   0.000;  -0.467;   1.832;   0.000;       0
           0;           0;   1.897; 104.643;   0.000;  -0.480;   1.835;   0.000;       0
           0;           0;   1.906; 104.976;   0.000;  -0.493;   1.841;   0.000;       0
           0;           0;   1.912; 105.309;   0.000;  -0.505;   1.844;   0.000;       0
           0;           0;   1.908; 105.643;   0.000;  -0.514;   1.837;   0.000;       0
           0;           0;   1.919; 105.976;   0.000;  -0.528;   1.845;   0.000;       0
           0;           0;   1.930; 106.309;   0.000;  -0.542;   1.852;   0.000;       0
           0;           0;   1.928; 106.642;   0.000;  -0.552;   1.847;   0.000;       0
           0;           0;   1.946; 106.976;   0.000;  -0.568;   1.861;   0.000;       0
           0;           0;   1.950; 107.309;   0.000;  -0.580;   1.862;   0.000;       0
           0;           0;   1.965; 107.642;   0.000;  -0.596;   1.873;   0.000;       0
           0;           0;   1.960; 107.976;   0.000;  -0.605;   1.864;   0.000;       0
           0;           0;   1.925; 108.309;   0.000;  -0.605;   1.828;   0.000;       0
           0;           0;   1.888; 108.642;   0.000;  -0.604;   1.789;   0.000;       0
           0;           0;   1.890; 108.976;   0.000;  -0.615;   1.787;   0.000;       0
           0;           0;   1.896; 109.309;   0.000;  -0.627;   1.789;   0.000;       0
           0;           0;   1.873; 109.642;   0.000;  -0.630;   1.764;   0.000;       0
           0;           0;   1.873; 109.975;   0.000;  -0.640;   1.760;   0.000;       0
           0;           0;   1.877; 110.309;   0.000;  -0.651;   1.760;   0.000;       0
           0;           0;   1.884; 110.642;   0.000;  -0.664;   1.763;   0.000;       0
           0;           0;   1.888; 110.975;   0.000;  -0.676;   1.763;   0.000;       0
           0;           0;   1.893; 111.309;   0.000;  -0.688;   1.764;   0.000;       0
           0;           0;   1.905; 111.642;   0.000;  -0.703;   1.771;   0.000;       0
           0;           0;   1.916; 111.975;   0.000;  -0.717;   1.777;   0.000;       0
           0;           0;   1.925; 112.309;   0.000;  -0.731;   1.781;   0.000;       0
           0;           0;   1.932; 112.642;   0.000;  -0.744;   1.783;   0.000;       0
           0;           0;   1.938; 112.975;   0.000;  -0.756;   1.784;   0.000;       0
           0;           0;   1.940; 113.308;   0.000;  -0.768;   1.782;   0.000;       0
           0;           0;   1.941; 113.642;   0.000;  -0.778;   1.778;   0.000;       0
           0;           0;   1.987; 113.975;   0.000;  -0.807;   1.816;   0.000;       0
           0;           0;   2.081; 114.308;   0.000;  -0.857;   1.897;   0.000;       0
           0;           0;   2.040; 114.642;   0.000;  -0.851;   1.854;   0.000;       0
           0;           0;   2.104; 114.975;   0.000;  -0.888;   1.907;   0.000;       0
           0;           0;   2.101; 115.308;   0.000;  -0.898;   1.899;   0.000;       0
           0;           0;   2.107; 115.642;   0.000;  -0.912;   1.899;   0.000;       0
           0;           0;   2.122; 115.975;   0.000;  -0.929;   1.908;   0.000;       0
           0;           0;   2.127; 116.308;   0.000;  -0.943;   1.907;   0.000;       0
           0;           0;   2.134; 116.641;   0.000;  -0.957;   1.907;   0.000;       0
           0;           0;   2.123; 116.975;   0.000;  -0.963;   1.892;   0.000;       0
           0;           0;   2.111; 117.308;   0.000;  -0.968;   1.876;   0.000;       0
           0;           0;   2.108; 117.641;   0.000;  -0.978;   1.867;   0.000;       0
           0;           0;   2.111; 117.975;   0.000;  -0.990;   1.864;   0.000;       0
           0;           0;   2.123; 118.308;   0.000;  -1.007;   1.869;   0.000;       0
           0;           0;   2.130; 118.641;   0.000;  -1.021;   1.869;   0.000;       0
           0;           0;   2.141; 118.975;   0.000;  -1.037;   1.873;   0.000;       0
           0;           0;   2.148; 119.308;   0.000;  -1.051;   1.873;   0.000;       0
           0;           0;   2.159; 119.641;   0.000;  -1.068;   1.876;   0.000;       0
           0;           0;   2.165; 119.975;   0.000;  -1.082;   1.875;   0.000;       0
           0;           0;   2.180; 120.308;   0.000;  -1.100;   1.882;   0.000;       0
           0;           0;   2.186; 120.641;   0.000;  -1.114;   1.881;   0.000;       0
           0;           0;   2.193; 120.974;   0.000;  -1.129;   1.880;   0.000;       0
           0;           0;   2.203; 121.308;   0.000;  -1.145;   1.882;   0.000;       0
           0;           0;   2.212; 121.641;   0.000;  -1.160;   1.883;   0.000;       0
           0;           0;   2.229; 121.974;   0.000;  -1.180;   1.891;   0.000;       0
           0;           0;   2.233; 122.308;   0.000;  -1.193;   1.887;   0.000;       0
           0;           0;   2.252; 122.641;   0.000;  -1.215;   1.896;   0.000;       0
           0;           0;   2.316; 122.974;   0.000;  -1.261;   1.943;   0.000;       0
           0;           0;   2.466; 123.307;   0.000;  -1.354;   2.061;   0.000;       0
           0;           0;   2.469; 123.641;   0.000;  -1.368;   2.056;   0.000;       0
           0;           0;   2.531; 123.974;   0.000;  -1.414;   2.099;   0.000;       0
           0;           0;   1.129; 124.307;   0.000;  -0.636;   0.933;   0.000;       0
           0;           0;   1.256; 124.641;   0.000;  -0.714;   1.033;   0.000;       0
           0;           0;   2.586; 124.974;   0.000;  -1.482;   2.119;   0.000;       0
           0;           0;   1.107; 125.307;   0.000;  -0.640;   0.903;   0.000;       0
           0;           0;   1.318; 125.641;   0.000;  -0.768;   1.071;   0.000;       0
           0;           0;   1.390; 125.974;   0.000;  -0.817;   1.125;   0.000;       0
           0;           0;   1.317; 126.307;   0.000;  -0.780;   1.061;   0.000;       0
           0;           0;   1.330; 126.640;   0.000;  -0.794;   1.067;   0.000;       0
           0;           0;   1.403; 126.974;   0.000;  -0.844;   1.121;   0.000;       0
           0;           0;   1.419; 127.307;   0.000;  -0.860;   1.129;   0.000;       0
           0;           0;   1.423; 127.640;   0.000;  -0.869;   1.127;   0.000;       0
           0;           0;   1.382; 127.974;   0.000;  -0.850;   1.089;   0.000;       0
           0;           0;   1.364; 128.307;   0.000;  -0.846;   1.070;   0.000;       0
           0;           0;   1.355; 128.640;   0.000;  -0.846;   1.058;   0.000;       0
           0;           0;   1.351; 128.974;   0.000;  -0.850;   1.050;   0.000;       0
           0;           0;   1.341; 129.307;   0.000;  -0.849;   1.038;   0.000;       0
           0;           0;   1.336; 129.640;   0.000;  -0.852;   1.029;   0.000;       0
           0;           0;   1.334; 129.973;   0.000;  -0.857;   1.022;   0.000;       0
           0;           0;   1.338; 130.307;   0.000;  -0.866;   1.020;   0.000;       0
           0;           0;   1.336; 130.640;   0.000;  -0.870;   1.014;   0.000;       0
           0;           0;   1.334; 130.973;   0.000;  -0.875;   1.007;   0.000;       0
           0;           0;   1.330; 131.307;   0.000;  -0.878;   0.999;   0.000;       0
           0;           0;   1.312; 131.640;   0.000;  -0.872;   0.981;   0.000;       0
           0;           0;   1.245; 131.973;   0.000;  -0.833;   0.926;   0.000;       0
           0;           0;   1.227; 132.307;   0.000;  -0.826;   0.907;   0.000;       0
           0;           0;   1.290; 132.640;   0.000;  -0.874;   0.949;   0.000;       0
           0;           0;   1.350; 132.973;   0.000;  -0.920;   0.988;   0.000;       0
           0;           0;   1.320; 133.307;   0.000;  -0.905;   0.961;   0.000;       0
           0;           0;   1.295; 133.640;   0.000;  -0.894;   0.937;   0.000;       0
           0;           0;   1.250; 133.973;   0.000;  -0.868;   0.900;   0.000;       0
           0;           0;   1.105; 134.306;   0.000;  -0.772;   0.791;   0.000;       0
           0;           0;   1.073; 134.640;   0.000;  -0.754;   0.763;   0.000;       0
           0;           0;   1.062; 134.973;   0.000;  -0.751;   0.751;   0.000;       0
